"","Subject","Age","Sex","Visit","DateSampled","BodySite","ChlorineBath","ScoradTotal","Kit","Description","BarcodeSeqS5N7","PlateID","ScoradRelative","SampleName","Body_Site"
"001RD2","1",10,"M",1,"6/5/17","Right_knee","N",29.8,1,"S1_V1_Right_knee","TCACGGTTAGCGTAGCAAA","5a",0.348130841121495,"001RD2","Right_knee"
"017R","8",12,"M",2,"8/18/17","Knee","Y",13.6,17,"S8_V2_Knee","CACGTCAGTTCTGCCTAAA","5a",0.158878504672897,"017R","knee"
"117C","23",5,"M",5,"4/4/19","Elbow","N",35.1,117,"S23_V5_Elbow","GACCGCCAGGCCGTGGAAA","6a",0.410046728971963,"117C","elbow"
"062C","14",13,"F",3,"3/20/18","Elbow","N",40.1,62,"S14_V3_Elbow","GAGAGATTCTAGTACGAAA","3a",0.468457943925234,"062C","elbow"
"105A","20",8,"F",5,"1/18/19","Forearm","Y",0,105,"S20_V5_Forearm","ACGCGTGGAATAACGGCCC","1b",0,"105A","forearm"
"089C","5",9,"F",5,"6/18/18","Elbow","Y",0,89,"S5_V5_Elbow","TATCCTCTTTACATGTAAA","2a",0,"089C","elbow"
"019R","11",11,"F",1,"8/11/17","Knee","Y",45.9,19,"S11_V1_Knee","AGCCAACTGGCCGTGGAAA","6a",0.536214953271028,"019R","knee"
"109D","19",10,"F",5,"2/14/19","Active_dermatitis_area","Y",4.2,109,"S19_V5_Active_dermatitis_area","CCTCAGACCTAGTACGAAA","3a",0.0490654205607477,"109D","Active_dermatitis_area"
"112A","22",12,"F",5,"2/18/19","Forearm","N",53.2,112,"S22_V5_Forearm","GGCTACTCGCGGTCCTAAA","4a",0.621495327102804,"112A","forearm"
"BLANK1",NA,NA,NA,NA,NA,NA,NA,NA,NA,NA,"TATCCTCTTCGCCTTAAAA","1a",NA,"BLANK1","BLANK1"
"063A","17",12,"F",1,"3/22/18","Forearm","Y",44.9,63,"S17_V1_Forearm","TAAGATGGTTACATGTCCC","3b",0.524532710280374,"063A","forearm"
"056D","15",12,"F",2,"2/26/18","Active_dermatitis_area","N",25.7,56,"S15_V2_Active_dermatitis_area","TACTAGGTCGATCGGTAAA","6a",0.300233644859813,"056D","Active_dermatitis_area"
"188A","9-control",NA,NA,1,NA,"Forearm",NA,NA,188,NA,"TACTAGGTTCGCCTTAAAA","5a",NA,"188A","forearm"
"191C","25",10,"M",4,"10/24/18","Elbow","N",11.4,191,"S25_V4_Elbow","TCACGGTTCTAGTACGAAA","5a",0.133177570093458,"191C","elbow"
"198C","11-control",NA,NA,1,NA,"Elbow",NA,NA,198,NA,"TACTAGGTTTACATGTAAA","6a",NA,"198C","elbow"
"079D","22",12,"F",1,"5/14/18","Active_dermatitis_area","N",53,79,"S22_V1_Active_dermatitis_area","AGCCAACTGCGGTCCTAAA","6a",0.619158878504673,"079D","Active_dermatitis_area"
"092C","10",13,"M",5,"6/28/18","Elbow","N",23.5,92,"S10_V5_Elbow","GGAACTCCAGGAGTCCAAA","3a",0.274532710280374,"092C","elbow"
"197D","10-control",NA,NA,1,NA,"Active_dermatitis_area",NA,NA,197,NA,"AAGGAGTACTAGTACGAAA","1a",NA,"197D","Active_dermatitis_area"
"086R","21",14,"M",2,"6/11/18","Knee","N",13.5,86,"S21_V2_Knee","TAAGATGGGGCCGTGGCCC","3b",0.157710280373832,"086R","knee"
"002D","2",11,"M",1,"6/9/17","Active_dermatitis_area","Y",35.4,2,"S2_V1_Active_dermatitis_area","AAGGAGTAAATAACGGAAA","2a",0.413551401869159,"002D","Active_dermatitis_area"
"183C","25",10,"M",3,"9/24/18","Elbow","N",23.6,183,"S25_V3_Elbow","CTAAGCCTGCTCAGGAAAA","1a",0.275700934579439,"183C","elbow"
"187R","26",11,"F",1,"10/3/18","Knee","Y",85.6,187,"S26_V1_Knee","GACCGCCAAACTCGTGAAA","6a",1,"187R","knee"
"083C","19",10,"F",3,"6/4/18","Elbow","Y",4.7,83,"S19_V3_Elbow","TAAGATGGAACTCGTGAAA","6a",0.0549065420560748,"083C","elbow"
"071A","14",13,"F",4,"4/20/18","Forearm","N",15.8,71,"S14_V4_Forearm","CGCGGTTATCCTCTACAAA","3a",0.184579439252336,"071A","forearm"
"100D","23",5,"M",2,"7/26/18","Active_dermatitis_area","N",21.7,100,"S23_V2_Active_dermatitis_area","GATGACGGAGCGTAGCCCC","4b",0.253504672897196,"100D","Active_dermatitis_area"
"011D","8",12,"M",1,"7/24/17","Active_dermatitis_area","Y",33.2,11,"S8_V1_Active_dermatitis_area","CACGTCAGGGCCGTGGAAA","6a",0.38785046728972,"011D","Active_dermatitis_area"
"176A","25",10,"M",1,"7/27/18","Forearm","N",48.4,176,"S25_V1_Forearm","TAAGATGGGCTCAGGAAAA","5a",0.565420560747664,"176A","forearm"
"002RD2","2",11,"M",1,"6/9/17","Right_knee","Y",35.4,2,"S2_V1_Right_knee","GACCGCCACAGCCTCGAAA","5a",0.413551401869159,"002RD2","Right_knee"
"044D","10",13,"M",4,"11/10/17","Active_dermatitis_area","N",40.6,44,"S10_V4_Active_dermatitis_area","ACTGCATAAGCGTAGCAAA","1a",0.474299065420561,"044D","Active_dermatitis_area"
"096C","20",8,"F",4,"7/11/18","Elbow","Y",11.7,96,"S20_V4_Elbow","TCCTTACGGCGGTCCTCCC","1b",0.136682242990654,"096C","elbow"
"097C","18",6,"M",4,"7/12/18","Elbow","Y",27.3,97,"S18_V4_Elbow","TAAGATGGCTAGTACGAAA","5a",0.31892523364486,"097C","elbow"
"058C","16",9,"F",2,"2/28/18","Elbow","N",76.2,58,"S16_V2_Elbow","AGAGTAGACGATCGGTAAA","2a",0.890186915887851,"058C","elbow"
"042A","11",11,"F",4,"11/14/17","Forearm","Y",29.6,42,"S11_V4_Forearm","GGCTACTCAATAACGGAAA","4a",0.345794392523365,"042A","forearm"
"049A","13",12,"M",2,"1/8/18","Forearm","Y",19.6,49,"S13_V2_Forearm","GGAACTCCTCCTCTACAAA","3a",0.228971962616822,"049A","forearm"
"106D","18",6,"M",5,"1/24/19","Active_dermatitis_area","Y",47,106,"S18_V5_Active_dermatitis_area","TGTAATGATTCTGCCTAAA","5a",0.549065420560748,"106D","Active_dermatitis_area"
"050C","14",13,"F",1,"1/19/18","Elbow","N",54,50,"S14_V1_Elbow","AGCCAACTAGGAGTCCAAA","5a",0.630841121495327,"050C","elbow"
"004D1","4",14,"F",1,"6/28/17","Active_dermatitis_area","N",43,4,"S4_V1_Active_dermatitis_area","GACCGCCACTAGTACGAAA","5a",0.502336448598131,"004D1","Active_dermatitis_area"
"022A","7",11,"F",2,"8/22/17","Forearm","N",44.6,22,"S7_V2_Forearm","TGAAACTGGTAGAGAGCCC","4b",0.521028037383178,"022A","forearm"
"014C","1-control",NA,NA,NA,NA,"Elbow",NA,NA,14,NA,"AGCCAACTAATAACGGAAA","6a",NA,"014C","elbow"
"020C","6",7,"F",2,"8/14/17","Elbow","Y",17.5,20,"S6_V2_Elbow","TAGATCGCGTCAGGTAAAA","2a",0.204439252336449,"020C","elbow"
"034R","7",11,"F",3,"9/22/17","Knee","N",44.3,34,"S7_V3_Knee","TCCTTACGTCCTCTACAAA","3a",0.517523364485981,"034R","knee"
"039D","9",13,"M",3,"10/4/17","Active_dermatitis_area","Y",47.4,39,"S9_V3_Active_dermatitis_area","ACGCGTGGGCTCAGGAAAA","3a",0.553738317757009,"039D","Active_dermatitis_area"
"055D","14",13,"F",2,"2/23/18","Active_dermatitis_area","N",28,55,"S14_V2_Active_dermatitis_area","AGAGTAGAATTACAATAAA","2a",0.327102803738318,"055D","Active_dermatitis_area"
"181R","24",12,"F",3,"8/24/18","Knee","Y",14.3,181,"S24_V3_Knee","ACTGCATAGCTCAGGAAAA","1a",0.167056074766355,"181R","knee"
"200A","28",14,"F",1,"12/6/18","Forearm","N",66,200,"S28_V1_Forearm","CGTACCGGCATGCCTACCC","4b",0.771028037383178,"200A","forearm"
"066C","19",10,"F",1,"4/2/18","Elbow","Y",38.6,66,"S19_V1_Elbow","CGCGGTTAGTAGAGAGCCC","2b",0.450934579439252,"066C","elbow"
"027D","2-control",NA,NA,1,NA,"Active_dermatitis_area",NA,NA,27,NA,"TGGCCATGTTACATGTAAA","4a",NA,"027D","Active_dermatitis_area"
"021C","5",9,"F",2,"8/14/17","Elbow","Y",22.8,21,"S5_V2_Elbow","TAAGATGGAGGAGTCCAAA","5a",0.266355140186916,"021C","elbow"
"004CD2","4",14,"F",1,"6/28/17","Right_elbow","N",43,4,"S4_V1_Right_elbow","CACGTCAGAGTTAACAAAA","6a",0.502336448598131,"004CD2","Right_elbow"
"030D","6",7,"F",3,"9/13/17","Active_dermatitis_area","Y",26.3,30,"S6_V3_Active_dermatitis_area","CTAAGCCTCGATCGGTAAA","2a",0.307242990654206,"030D","Active_dermatitis_area"
"194A","26",11,"F",2,"31/10/18","Forearm","Y",68.7,194,"S26_V2_Forearm","ATTGACATGCTCAGGAAAA","5a",0.802570093457944,"194A","forearm"
"037C","5",9,"F",4,"10/16/17","Elbow","Y",0,37,"S5_V4_Elbow","TCCTTACGAGGAGTCCAAA","3a",0,"037C","elbow"
"058R","16",9,"F",2,"2/28/18","Knee","N",76.2,58,"S16_V2_Knee","ACTGCATAAATCGGACAAA","2a",0.890186915887851,"058R","knee"
"002RI1","2",11,"M",1,"6/9/17","Left_knee","Y",35.4,2,"S2_V1_Left_knee","CGCGGTTACATGCCTAAAA","3a",0.413551401869159,"002RI1","Left_knee"
"024A","10",13,"M",2,"9/7/17","Forearm","N",30,24,"S10_V2_Forearm","TATCCTCTGCTCAGGAAAA","1a",0.350467289719626,"024A","forearm"
"020R","6",7,"F",2,"8/14/17","Knee","Y",17.5,20,"S6_V2_Knee","TGTAATGATAGAAGAAAAA","6a",0.204439252336449,"020R","knee"
"183R","25",10,"M",3,"9/24/18","Knee","N",23.6,183,"S25_V3_Knee","ATTGACATCAGCCTCGAAA","5a",0.275700934579439,"183R","knee"
"015R","10",13,"M",1,"7/28/17","Knee","N",26.5,15,"S10_V1_Knee","TACTAGGTGAATGATCAAA","6a",0.309579439252336,"015R","knee"
"180A","25",10,"M",2,"8/23/18","Forearm","N",8.2,180,"S25_V2_Forearm","AGAGTAGAGAATGATCAAA","2a",0.0957943925233645,"180A","forearm"
"059D","12",11,"M",3,"3/1/18","Active_dermatitis_area","N",75.7,59,"S12_V3_Active_dermatitis_area","TGTAATGAGGCCGTGGAAA","6a",0.884345794392523,"059D","Active_dermatitis_area"
"114R","15",12,"F",5,"3/4/19","Knee","N",38.4,114,"S15_V5_Knee","CTAAGCCTCAGCCTCGAAA","1a",0.448598130841121,"114R","knee"
"086C","21",14,"M",2,"6/11/18","Elbow","N",13.5,86,"S21_V2_Elbow","AAGGAGTATTACATGTAAA","2a",0.157710280373832,"086C","elbow"
"108A","28",14,"F",3,"2/12/19","Forearm","N",22.8,108,"S28_V3_Forearm","GAGAGATTAGCGTAGCCCC","2b",0.266355140186916,"108A","forearm"
"091A","11",11,"F",5,"6/26/18","Forearm","Y",27.1,91,"S11_V5_Forearm","GGAACTCCCCTCTCTGAAA","3a",0.316588785046729,"091A","forearm"
"195C","21",14,"M",4,"11/1/18","Elbow","N",39.1,195,"S21_V4_Elbow","CGCGGTTATCGCCTTAAAA","3a",0.456775700934579,"195C","elbow"
"020A","6",7,"F",2,"8/14/17","Forearm","Y",17.5,20,"S6_V2_Forearm","CGCGGTTACCTCTCTGAAA","3a",0.204439252336449,"020A","forearm"
"014A","1-control",NA,NA,NA,NA,"Forearm",NA,NA,14,NA,"TAGATCGCCTAGTACGAAA","1a",NA,"014A","forearm"
"036C","6",7,"F",4,"10/13/17","Elbow","Y",4.1,36,"S6_V4_Elbow","TATCCTCTCAGCCTCGAAA","1a",0.0478971962616822,"036C","elbow"
"004CI1","4",14,"F",1,"6/28/17","Left_elbow","N",43,4,"S4_V1_Left_elbow","TGAAACTGAGGAGTCCCCC","4b",0.502336448598131,"004CI1","Left_elbow"
"001AD2","1",10,"M",1,"6/5/17","Right_forearm","N",29.8,1,"S1_V1_Right_forearm","CGTACCGGAGGAGTCCCCC","4b",0.348130841121495,"001AD2","Right_forearm"
"061D","9",13,"M",4,"3/2/18","Active_dermatitis_area","Y",28.7,61,"S9_V4_Active_dermatitis_area","CTAAGCCTTAGAAGAAAAA","2a",0.335280373831776,"061D","Active_dermatitis_area"
"190C","14",13,"F",5,"10/19/18","Elbow","N",23.6,190,"S14_V5_Elbow","TGTAATGAGTAGAGAGAAA","5a",0.275700934579439,"190C","elbow"
"198R","11-control",NA,NA,1,NA,"Knee",NA,NA,198,NA,"TGTAATGATCGCCTTAAAA","5a",NA,"198R","knee"
"068R","12",11,"M",4,"4/4/18","Knee","N",50.4,68,"S12_V4_Knee","ACTGCATAAGGAGTCCAAA","1a",0.588785046728972,"068R","knee"
"007C","1",10,"M",2,"7/3/17","Elbow","N",8.8,7,"S1_V2_Elbow","GACCGCCAAATAACGGAAA","6a",0.102803738317757,"007C","elbow"
"002AD2","2",11,"M",1,"6/9/17","Right_forearm","Y",35.4,2,"S2_V1_Right_forearm","TAAGATGGTCGCCTTAAAA","5a",0.413551401869159,"002AD2","Right_forearm"
"063C","17",12,"F",1,"3/22/18","Elbow","Y",44.9,63,"S17_V1_Elbow","TGTAATGAGCGGTCCTAAA","6a",0.524532710280374,"063C","elbow"
"108C","28",14,"F",3,"2/12/19","Elbow","N",22.8,108,"S28_V3_Elbow","GGAACTCCTAGAAGAAAAA","4a",0.266355140186916,"108C","elbow"
"191R","25",10,"M",4,"10/24/18","Knee","N",11.4,191,"S25_V4_Knee","AAGGAGTACCTCTCTGAAA","1a",0.133177570093458,"191R","knee"
"109R","19",10,"F",5,"2/14/19","Knee","Y",4.2,109,"S19_V5_Knee","CACGTCAGCAGCCTCGAAA","5a",0.0490654205607477,"109R","knee"
"008A","3",12,"M",2,"7/6/17","Forearm","Y",20.7,8,"S3_V2_Forearm","TAAGATGGGTCAGGTAAAA","6a",0.241822429906542,"008A","forearm"
"098D","22",12,"F",3,"7/16/18","Active_dermatitis_area","N",18.7,98,"S22_V3_Active_dermatitis_area","TAGATCGCAACTCGTGAAA","2a",0.218457943925234,"098D","Active_dermatitis_area"
"071D","14",13,"F",4,"4/20/18","Active_dermatitis_area","N",15.8,71,"S14_V4_Active_dermatitis_area","AGCCAACTTCGCCTTAAAA","5a",0.184579439252336,"071D","Active_dermatitis_area"
"078C","20",8,"F",2,"5/11/18","Elbow","Y",45.2,78,"S20_V2_Elbow","TCCTTACGTAGAAGAAAAA","4a",0.52803738317757,"078C","elbow"
"192D","1",10,"M",5,"10/29/18","Active_dermatitis_area","N",19.4,192,"S1_V5_Active_dermatitis_area","TCCTTACGTCGCCTTAAAA","3a",0.226635514018692,"192D","Active_dermatitis_area"
"001A1","1",10,"M",1,"6/5/17","Forearm","N",29.8,1,"S1_V1_Forearm","CTCTCTATTCGCCTTAAAA","1a",0.348130841121495,"001A1","forearm"
"188C","9-control",NA,NA,1,NA,"Elbow",NA,NA,188,NA,"GTAAGGAGTTACATGTAAA","2a",NA,"188C","elbow"
"059A","12",11,"M",3,"3/1/18","Forearm","N",75.7,59,"S12_V3_Forearm","GTAAGGAGGGCCGTGGAAA","2a",0.884345794392523,"059A","forearm"
"182R","2-control",NA,NA,2,NA,"Knee",NA,NA,182,NA,"GACCGCCATAGAAGAAAAA","6a",NA,"182R","knee"
"105C","20",8,"F",5,"1/18/19","Elbow","Y",0,105,"S20_V5_Elbow","CTAAGCCTCTAGTACGAAA","1a",0,"105C","elbow"
"001CD1","1",10,"M",1,"6/5/17","Right_elbow","N",29.8,1,"S1_V1_Right_elbow","GACCGCCAAATAACGGCCC","3b",0.348130841121495,"001CD1","Right_elbow"
"BLANK17",NA,NA,NA,NA,NA,NA,NA,NA,NA,NA,"ATTGACATAGGAGTCCAAA","5a",NA,"BLANK17","BLANK17"
"027R","2-control",NA,NA,1,NA,"Knee",NA,NA,27,NA,"GAGAGATTGAATGATCAAA","4a",NA,"027R","knee"
"001D1","1",10,"M",1,"6/5/17","Active_dermatitis_area","N",29.8,1,"S1_V1_Active_dermatitis_area","CTCTCTATTTCTGCCTAAA","1a",0.348130841121495,"001D1","Active_dermatitis_area"
"184C","24",12,"F",4,"9/28/18","Elbow","Y",12,184,"S24_V4_Elbow","ATTGACATCCTCTCTGAAA","5a",0.14018691588785,"184C","elbow"
"054R","5-control",NA,NA,1,NA,"Knee",NA,NA,54,NA,"TAAGATGGTGCCTCTTAAA","5a",NA,"054R","knee"
"047A","7",11,"F",4,"11/20/17","Forearm","N",33.9,47,"S7_V4_Forearm","AAGGAGTAATTACAATAAA","2a",0.396028037383178,"047A","forearm"
"038C","8",12,"M",3,"10/3/17","Elbow","Y",22.4,38,"S8_V3_Elbow","CCTCAGACATTACAATAAA","4a",0.261682242990654,"038C","elbow"
"002AI2","2",11,"M",1,"6/9/17","Left_forearm","Y",35.4,2,"S2_V1_Left_forearm","GCATCGTTAGGAGTCCCCC","4b",0.413551401869159,"002AI2","Left_forearm"
"092R","10",13,"M",5,"6/28/18","Knee","N",23.5,92,"S10_V5_Knee","AAGGAGTATAGAAGAAAAA","2a",0.274532710280374,"092R","knee"
"062D","14",13,"F",3,"3/20/18","Active_dermatitis_area","N",40.1,62,"S14_V3_Active_dermatitis_area","TATCCTCTAGTTAACAAAA","2a",0.468457943925234,"062D","Active_dermatitis_area"
"022R","7",11,"F",2,"8/22/17","Knee","N",44.6,22,"S7_V2_Knee","ATTGACATTCGCCTTAAAA","5a",0.521028037383178,"022R","knee"
"042C","11",11,"F",4,"11/14/17","Elbow","Y",29.6,42,"S11_V4_Elbow","CCTCAGACTCGCCTTAAAA","3a",0.345794392523365,"042C","elbow"
"038A","8",12,"M",3,"10/3/17","Forearm","Y",22.4,38,"S8_V3_Forearm","GAGAGATTCATGCCTAAAA","3a",0.261682242990654,"038A","forearm"
"179A","23",5,"M",3,"8/23/18","Forearm","N",26.7,179,"S23_V3_Forearm","TAGATCGCATTACAATAAA","2a",0.311915887850467,"179A","forearm"
"021A","5",9,"F",2,"8/14/17","Forearm","Y",22.8,21,"S5_V2_Forearm","AGCCAACTGAATGATCAAA","6a",0.266355140186916,"021A","forearm"
"029R","4-control",NA,NA,1,NA,"Knee",NA,NA,29,NA,"AGAGTAGAAGCGTAGCAAA","1a",NA,"029R","knee"
"013D","9",13,"M",1,"7/27/17","Active_dermatitis_area","Y",46.6,13,"S9_V1_Active_dermatitis_area","TCACGGTTAATCGGACAAA","6a",0.544392523364486,"013D","Active_dermatitis_area"
"050R","14",13,"F",1,"1/19/18","Knee","N",54,50,"S14_V1_Knee","TATCCTCTTCCTCTACAAA","1a",0.630841121495327,"050R","knee"
"010A","7",11,"F",1,"7/18/17","Forearm","N",63.4,10,"S7_V1_Forearm","TCACGGTTGCGGTCCTAAA","6a",0.740654205607477,"010A","forearm"
"021D","5",9,"F",2,"8/14/17","Active_dermatitis_area","Y",22.8,21,"S5_V2_Active_dermatitis_area","AGAGTAGACATGCCTACCC","6b",0.266355140186916,"021D","Active_dermatitis_area"
"105D","20",8,"F",5,"1/18/19","Active_dermatitis_area","Y",0,105,"S20_V5_Active_dermatitis_area","AGAGTAGAAACTCGTGAAA","2a",0,"105D","Active_dermatitis_area"
"096D","20",8,"F",4,"7/11/18","Active_dermatitis_area","Y",11.7,96,"S20_V4_Active_dermatitis_area","CACGTCAGGTCAGGTAAAA","6a",0.136682242990654,"096D","Active_dermatitis_area"
"180R","25",10,"M",2,"8/23/18","Knee","N",8.2,180,"S25_V2_Knee","TAAGATGGTCCTCTACAAA","5a",0.0957943925233645,"180R","knee"
"004CI2","4",14,"F",1,"6/28/17","Left_elbow","N",43,4,"S4_V1_Left_elbow","GAGAGATTGTCAGGTAAAA","4a",0.502336448598131,"004CI2","Left_elbow"
"176C","25",10,"M",1,"7/27/18","Elbow","N",48.4,176,"S25_V1_Elbow","AGCCAACTCATGCCTAAAA","5a",0.565420560747664,"176C","elbow"
"099A","21",14,"M",3,"7/23/18","Forearm","N",40.4,99,"S21_V3_Forearm","ACTGCATAAATAACGGAAA","2a",0.47196261682243,"099A","forearm"
"032R","11",11,"F",2,"9/14/17","Knee","Y",34.3,32,"S11_V2_Knee","TATAGACGAGGAGTCCCCC","4b",0.400700934579439,"032R","knee"
"003RD1","3",12,"M",1,"6/9/17","Right_knee","Y",27.6,3,"S3_V1_Right_knee","TAAGATGGGAATGATCAAA","6a",0.322429906542056,"003RD1","Right_knee"
"077D","21",14,"M",1,"5/10/18","Active_dermatitis_area","N",43.6,77,"S21_V1_Active_dermatitis_area","TGGCCATGAACTCGTGAAA","4a",0.509345794392523,"077D","Active_dermatitis_area"
"016D","1",10,"M",3,"8/7/17","Active_dermatitis_area","N",8.6,16,"S1_V3_Active_dermatitis_area","CACGTCAGTCGCCTTAAAA","5a",0.100467289719626,"016D","Active_dermatitis_area"
"049R","13",12,"M",2,"1/8/18","Knee","Y",19.6,49,"S13_V2_Knee","CACGTCAGTGCCTCTTAAA","5a",0.228971962616822,"049R","knee"
"003D2","3",12,"M",1,"6/9/17","Active_dermatitis_area","Y",27.6,3,"S3_V1_Active_dermatitis_area","GACCGCCATCGCCTTAAAA","5a",0.322429906542056,"003D2","Active_dermatitis_area"
"178A","22",12,"F",4,"8/16/18","Forearm","N",15.9,178,"S22_V4_Forearm","GAGAGATTGTAGAGAGAAA","3a",0.185747663551402,"178A","forearm"
"033R","5",9,"F",3,"9/14/17","Knee","Y",1,33,"S5_V3_Knee","AAGGAGTAAGTTAACAAAA","2a",0.0116822429906542,"033R","knee"
"093A","17",12,"F",4,"7/3/18","Forearm","Y",20,93,"S17_V4_Forearm","TATCCTCTCGATCGGTAAA","2a",0.233644859813084,"093A","forearm"
"086A","21",14,"M",2,"6/11/18","Forearm","N",13.5,86,"S21_V2_Forearm","TCCTTACGCATGCCTAAAA","3a",0.157710280373832,"086A","forearm"
"198A","11-control",NA,NA,1,NA,"Forearm",NA,NA,198,NA,"TGGCCATGTCGCCTTAAAA","3a",NA,"198A","forearm"
"001CI1","1",10,"M",1,"6/5/17","Left_elbow","N",29.8,1,"S1_V1_Left_elbow","AAGGAGTATGCCTCTTAAA","1a",0.348130841121495,"001CI1","Left_elbow"
"200C","28",14,"F",1,"12/6/18","Elbow","N",66,200,"S28_V1_Elbow","CACGTCAGGCTCAGGAAAA","5a",0.771028037383178,"200C","elbow"
"070C","7-control",NA,NA,1,NA,"Elbow",NA,NA,70,NA,"ACTGCATATGCCTCTTAAA","1a",NA,"070C","elbow"
"185R","23",5,"M",4,"9/28/18","Knee","N",21.9,185,"S23_V4_Knee","TAGATCGCTTCTGCCTAAA","1a",0.255841121495327,"185R","knee"
"098A","22",12,"F",3,"7/16/18","Forearm","N",18.7,98,"S22_V3_Forearm","TAGATCGCTGCCTCTTAAA","1a",0.218457943925234,"098A","forearm"
"183D","25",10,"M",3,"9/24/18","Active_dermatitis_area","N",23.6,183,"S25_V3_Active_dermatitis_area","ATTGACATATTACAATAAA","6a",0.275700934579439,"183D","Active_dermatitis_area"
"199C","26",11,"F",3,"28/11/18","Elbow","Y",58.4,199,"S26_V3_Elbow","CTAAGCCTAATCGGACAAA","2a",0.682242990654206,"199C","elbow"
"177A","8-control",NA,NA,1,NA,"Forearm",NA,NA,177,NA,"AGCCAACTCTAGTACGAAA","5a",NA,"177A","forearm"
"016R","1",10,"M",3,"8/7/17","Knee","N",8.6,16,"S1_V3_Knee","TAAGATGGGGCCGTGGAAA","6a",0.100467289719626,"016R","knee"
"064D","18",6,"M",1,"3/22/18","Active_dermatitis_area","Y",76.2,64,"S18_V1_Active_dermatitis_area","ATTGACATAATCGGACAAA","6a",0.890186915887851,"064D","Active_dermatitis_area"
"026A","1",10,"M",4,"9/11/17","Forearm","N",3.5,26,"S1_V4_Forearm","CGCGGTTATTACATGTCCC","1b",0.0408878504672897,"026A","forearm"
"020D","6",7,"F",2,"8/14/17","Active_dermatitis_area","Y",17.5,20,"S6_V2_Active_dermatitis_area","CACGTCAGATTACAATAAA","6a",0.204439252336449,"020D","Active_dermatitis_area"
"004RI2","4",14,"F",1,"6/28/17","Left_knee","N",43,4,"S4_V1_Left_knee","TACTAGGTAATAACGGAAA","6a",0.502336448598131,"004RI2","Left_knee"
"064C","18",6,"M",1,"3/22/18","Elbow","Y",76.2,64,"S18_V1_Elbow","ACGCGTGGATTACAATCCC","1b",0.890186915887851,"064C","elbow"
"178C","22",12,"F",4,"8/16/18","Elbow","N",15.9,178,"S22_V4_Elbow","TATAGACGCATGCCTACCC","4b",0.185747663551402,"178C","elbow"
"028R","3-control",NA,NA,1,NA,"Knee",NA,NA,28,NA,"CTAAGCCTTTCTGCCTAAA","1a",NA,"028R","knee"
"177D","8-control",NA,NA,1,NA,"Active_dermatitis_area",NA,NA,177,NA,"CTAAGCCTAATAACGGAAA","2a",NA,"177D","Active_dermatitis_area"
"182D","2-control",NA,NA,2,NA,"Active_dermatitis_area",NA,NA,182,NA,"GGCTACTCCTAGTACGCCC","2b",NA,"182D","Active_dermatitis_area"
"046R","13",12,"M",1,"12/1/17","Knee","Y",45.3,46,"S13_V1_Knee","CCTCAGACAGGAGTCCAAA","3a",0.529205607476635,"046R","knee"
"065C","15",12,"F",3,"4/2/18","Elbow","N",42.3,65,"S15_V3_Elbow","TGTAATGACTAGTACGAAA","5a",0.494158878504673,"065C","elbow"
"001AI2","1",10,"M",1,"6/5/17","Left_forearm","N",29.8,1,"S1_V1_Left_forearm","AGGTTGACGGCCGTGGCCC","5b",0.348130841121495,"001AI2","Left_forearm"
"077C","21",14,"M",1,"5/10/18","Elbow","N",43.6,77,"S21_V1_Elbow","GAGAGATTTTACATGTAAA","4a",0.509345794392523,"077C","elbow"
"026R","1",10,"M",4,"9/11/17","Knee","N",3.5,26,"S1_V4_Knee","CGCGGTTAAGTTAACAAAA","4a",0.0408878504672897,"026R","knee"
"056C","15",12,"F",2,"2/26/18","Elbow","N",25.7,56,"S15_V2_Elbow","CTCTCTATAATCGGACAAA","2a",0.300233644859813,"056C","elbow"
"113A","14-control",NA,NA,1,NA,"Forearm",NA,NA,113,NA,"GAGAGATTAATAACGGCCC","1b",NA,"113A","forearm"
"177C","8-control",NA,NA,1,NA,"Elbow",NA,NA,177,NA,"GACCGCCATGCCTCTTAAA","5a",NA,"177C","elbow"
"019D","11",11,"F",1,"8/11/17","Active_dermatitis_area","Y",45.9,19,"S11_V1_Active_dermatitis_area","TGGCCATGGGCCGTGGAAA","4a",0.536214953271028,"019D","Active_dermatitis_area"
"033A","5",9,"F",3,"9/14/17","Forearm","Y",1,33,"S5_V3_Forearm","CGCGGTTATGCCTCTTAAA","3a",0.0116822429906542,"033A","forearm"
"001RI2","1",10,"M",1,"6/5/17","Left_knee","N",29.8,1,"S1_V1_Left_knee","GACCGCCATCCTCTACAAA","5a",0.348130841121495,"001RI2","Left_knee"
"006D","5",9,"F",1,"6/29/17","Active_dermatitis_area","Y",25.8,6,"S5_V1_Active_dermatitis_area","GACCGCCAGAATGATCAAA","6a",0.301401869158879,"006D","Active_dermatitis_area"
"073C","17",12,"F",2,"4/24/18","Elbow","Y",29.3,73,"S17_V2_Elbow","CACGTCAGAATCGGACAAA","6a",0.342289719626168,"073C","elbow"
"088R","3",12,"M",5,"6/14/18","Knee","Y",14.1,88,"S3_V5_Knee","AGAGTAGAAATAACGGAAA","2a",0.164719626168224,"088R","knee"
"001D","1",10,"M",1,"6/5/17","Active_dermatitis_area","N",29.8,1,"S1_V1_Active_dermatitis_area","TGTAATGACGATCGGTAAA","6a",0.348130841121495,"001D","Active_dermatitis_area"
"189D","27",15,"F",1,"15/10/18","Active_dermatitis_area","N",84,189,"S27_V1_Active_dermatitis_area","AGAGTAGACAGCCTCGAAA","1a",0.981308411214953,"189D","Active_dermatitis_area"
"105R","20",8,"F",5,"1/18/19","Knee","Y",0,105,"S20_V5_Knee","TACTAGGTAATAACGGCCC","3b",0,"105R","knee"
"041D","4",14,"F",4,"10/6/17","Active_dermatitis_area","N",19.9,41,"S4_V4_Active_dermatitis_area","GATGACGGCTAGTACGCCC","4b",0.232476635514019,"041D","Active_dermatitis_area"
"190A","14",13,"F",5,"10/19/18","Forearm","N",23.6,190,"S14_V5_Forearm","GGCTACTCAGCGTAGCAAA","3a",0.275700934579439,"190A","forearm"
"004DE2","4",14,"F",1,"6/28/17","Active_dermatitis_area","N",43,4,"S4_V1_Active_dermatitis_area","TACTAGGTATTACAATAAA","6a",0.502336448598131,"004DE2","Active_dermatitis_area"
"018R","3",12,"M",3,"8/10/17","Knee","Y",22.9,18,"S3_V3_Knee","CCTCAGACTTACATGTAAA","4a",0.267523364485981,"018R","knee"
"032A","11",11,"F",2,"9/14/17","Forearm","Y",34.3,32,"S11_V2_Forearm","TCACGGTTTGCCTCTTAAA","5a",0.400700934579439,"032A","forearm"
"067D","16",9,"F",3,"4/3/18","Active_dermatitis_area","N",70.9,67,"S16_V3_Active_dermatitis_area","TACTAGGTGCTCAGGAAAA","5a",0.828271028037383,"067D","Active_dermatitis_area"
"192A","1",10,"M",5,"10/29/18","Forearm","N",19.4,192,"S1_V5_Forearm","TGTAATGAGAATGATCAAA","6a",0.226635514018692,"192A","forearm"
"030C","6",7,"F",3,"9/13/17","Elbow","Y",26.3,30,"S6_V3_Elbow","AGAGTAGAGGCCGTGGAAA","2a",0.307242990654206,"030C","elbow"
"195R","21",14,"M",4,"11/1/18","Knee","N",39.1,195,"S21_V4_Knee","TACTAGGTAACTCGTGAAA","6a",0.456775700934579,"195R","knee"
"035C","11",11,"F",3,"10/12/17","Elbow","Y",9.3,35,"S11_V3_Elbow","CGTACCGGAGCGTAGCCCC","4b",0.108644859813084,"035C","elbow"
"053A","13",12,"M",3,"2/8/18","Forearm","Y",7.9,53,"S13_V3_Forearm","GGCTACTCTCCTCTACAAA","3a",0.0922897196261682,"053A","forearm"
"111R","13-control",NA,NA,1,NA,"Knee",NA,NA,111,NA,"CTGAATTCTTCTGCCTCCC","4b",NA,"111R","knee"
"008C","3",12,"M",2,"7/6/17","Elbow","Y",20.7,8,"S3_V2_Elbow","CCTCAGACAACTCGTGCCC","1b",0.241822429906542,"008C","elbow"
"186D","9",13,"M",5,"9/28/18","Active_dermatitis_area","N",44.6,186,"S9_V5_Active_dermatitis_area","GTAAGGAGAGCGTAGCAAA","1a",0.521028037383178,"186D","Active_dermatitis_area"
"094D","19",10,"F",4,"6/4/18","Active_dermatitis_area","Y",1,94,"S19_V4_Active_dermatitis_area","CTCTCTATTAGAAGAAAAA","2a",0.0116822429906542,"094D","Active_dermatitis_area"
"197C","10-control",NA,NA,1,NA,"Elbow",NA,NA,197,NA,"AAGGAGTACAGCCTCGAAA","1a",NA,"197C","elbow"
"050D","14",13,"F",1,"1/19/18","Active_dermatitis_area","N",54,50,"S14_V1_Active_dermatitis_area","AGCCAACTGTAGAGAGAAA","5a",0.630841121495327,"050D","Active_dermatitis_area"
"003RI2","3",12,"M",1,"6/9/17","Left_knee","Y",27.6,3,"S3_V1_Left_knee","GCATCGTTTCGCCTTACCC","4b",0.322429906542056,"003RI2","Left_knee"
"065A","15",12,"F",3,"4/2/18","Forearm","N",42.3,65,"S15_V3_Forearm","CCTCAGACTCCTCTACAAA","3a",0.494158878504673,"065A","forearm"
"002AI1","2",11,"M",1,"6/9/17","Left_forearm","Y",35.4,2,"S2_V1_Left_forearm","TCACGGTTAGGAGTCCAAA","5a",0.413551401869159,"002AI1","Left_forearm"
"006C","5",9,"F",1,"6/29/17","Elbow","Y",25.8,6,"S5_V1_Elbow","TAAGATGGAGTTAACAAAA","6a",0.301401869158879,"006C","elbow"
"001RI1","1",10,"M",1,"6/5/17","Left_knee","N",29.8,1,"S1_V1_Left_knee","CTAAGCCTGTAGAGAGAAA","1a",0.348130841121495,"001RI1","Left_knee"
"059R","12",11,"M",3,"3/1/18","Knee","N",75.7,59,"S12_V3_Knee","TAGATCGCCCTCTCTGAAA","1a",0.884345794392523,"059R","knee"
"096R","20",8,"F",4,"7/11/18","Knee","Y",11.7,96,"S20_V4_Knee","ATTGACATTCCTCTACAAA","5a",0.136682242990654,"096R","knee"
"002CD2","2",11,"M",1,"6/9/17","Right_elbow","Y",35.4,2,"S2_V1_Right_elbow","GTAAGGAGCATGCCTAAAA","1a",0.413551401869159,"002CD2","Right_elbow"
"011C","8",12,"M",1,"7/24/17","Elbow","Y",33.2,11,"S8_V1_Elbow","TCACGGTTAACTCGTGAAA","6a",0.38785046728972,"011C","elbow"
"095D","4",14,"F",5,"7/4/18","Active_dermatitis_area","N",42.9,95,"S4_V5_Active_dermatitis_area","GACCGCCAGTAGAGAGAAA","5a",0.501168224299065,"095D","Active_dermatitis_area"
"081C","17",12,"F",3,"5/30/18","Elbow","Y",16.8,81,"S17_V3_Elbow","ACTGCATATCCTCTACAAA","1a",0.196261682242991,"081C","elbow"
"196R","13",12,"M",5,"11/1/18","Knee","Y",27.6,196,"S13_V5_Knee","GAGAGATTAGGAGTCCAAA","3a",0.322429906542056,"196R","knee"
"178D","22",12,"F",4,"8/16/18","Active_dermatitis_area","N",15.9,178,"S22_V4_Active_dermatitis_area","AGAGTAGAGCGGTCCTAAA","2a",0.185747663551402,"178D","Active_dermatitis_area"
"011R","8",12,"M",1,"7/24/17","Knee","Y",33.2,11,"S8_V1_Knee","TCACGGTTTAGAAGAAAAA","6a",0.38785046728972,"011R","knee"
"104R","16",9,"F",5,"1/10/19","Knee","N",84.4,104,"S16_V5_Knee","CACGTCAGTCCTCTACAAA","5a",0.985981308411215,"104R","knee"
"050A","14",13,"F",1,"1/19/18","Forearm","N",54,50,"S14_V1_Forearm","CACGTCAGAGCGTAGCAAA","5a",0.630841121495327,"050A","forearm"
"027A","2-control",NA,NA,1,NA,"Forearm",NA,NA,27,NA,"GGCTACTCATTACAATCCC","1b",NA,"027A","forearm"
"199A","26",11,"F",3,"28/11/18","Forearm","Y",58.4,199,"S26_V3_Forearm","TATCCTCTAGCGTAGCAAA","1a",0.682242990654206,"199A","forearm"
"090C","24",12,"F",1,"6/26/18","Elbow","Y",43.3,90,"S24_V1_Elbow","CACGTCAGGAATGATCAAA","6a",0.505841121495327,"090C","elbow"
"078D","20",8,"F",2,"5/11/18","Active_dermatitis_area","Y",45.2,78,"S20_V2_Active_dermatitis_area","GGCTACTCAACTCGTGAAA","4a",0.52803738317757,"078D","Active_dermatitis_area"
"112C","22",12,"F",5,"2/18/19","Elbow","N",53.2,112,"S22_V5_Elbow","CCTCAGACCCTCTCTGAAA","3a",0.621495327102804,"112C","elbow"
"089A","5",9,"F",5,"6/18/18","Forearm","Y",0,89,"S5_V5_Forearm","TGAAACTGGCTCAGGACCC","4b",0,"089A","forearm"
"079R","22",12,"F",1,"5/14/18","Knee","N",53,79,"S22_V1_Knee","GACCGCCACGATCGGTAAA","6a",0.619158878504673,"079R","knee"
"073R","17",12,"F",2,"4/24/18","Knee","Y",29.3,73,"S17_V2_Knee","ACGCGTGGTAGAAGAACCC","1b",0.342289719626168,"073R","knee"
"101C","24",12,"F",2,"7/26/18","Elbow","Y",22.5,101,"S24_V2_Elbow","TATCCTCTATTACAATAAA","2a",0.26285046728972,"101C","elbow"
"198D","11-control",NA,NA,1,NA,"Active_dermatitis_area",NA,NA,198,NA,"AAGGAGTATCCTCTACAAA","1a",NA,"198D","Active_dermatitis_area"
"086D","21",14,"M",2,"6/11/18","Active_dermatitis_area","N",13.5,86,"S21_V2_Active_dermatitis_area","TATCCTCTTTCTGCCTAAA","1a",0.157710280373832,"086D","Active_dermatitis_area"
"021R","5",9,"F",2,"8/14/17","Knee","Y",22.8,21,"S5_V2_Knee","ATTGACATGTAGAGAGAAA","5a",0.266355140186916,"021R","knee"
"072C","18",6,"M",2,"4/24/18","Elbow","Y",45.6,72,"S18_V2_Elbow","GTAAGGAGAGTTAACAAAA","2a",0.532710280373832,"072C","elbow"
"034C","7",11,"F",3,"9/22/17","Elbow","N",44.3,34,"S7_V3_Elbow","TCCTTACGGTAGAGAGAAA","3a",0.517523364485981,"034C","elbow"
"097A","18",6,"M",4,"7/12/18","Forearm","Y",27.3,97,"S18_V4_Forearm","TCACGGTTCATGCCTAAAA","5a",0.31892523364486,"097A","forearm"
"003AI2","3",12,"M",1,"6/9/17","Left_forearm","Y",27.6,3,"S3_V1_Left_forearm","CACGTCAGCGATCGGTAAA","6a",0.322429906542056,"003AI2","Left_forearm"
"051D","15",12,"F",1,"1/26/18","Active_dermatitis_area","N",40.9,51,"S15_V1_Active_dermatitis_area","TATCCTCTCCTCTCTGAAA","1a",0.477803738317757,"051D","Active_dermatitis_area"
"085C","20",8,"F",3,"6/11/18","Elbow","Y",24.4,85,"S20_V3_Elbow","CTCTCTATGTAGAGAGCCC","6b",0.285046728971963,"085C","elbow"
"001RD1","1",10,"M",1,"6/5/17","Right_knee","N",29.8,1,"S1_V1_Right_knee","ACGCGTGGGCGGTCCTAAA","4a",0.348130841121495,"001RD1","Right_knee"
"072D","18",6,"M",2,"4/24/18","Active_dermatitis_area","Y",45.6,72,"S18_V2_Active_dermatitis_area","ACGCGTGGTCCTCTACAAA","3a",0.532710280373832,"072D","Active_dermatitis_area"
"002RI2","2",11,"M",1,"6/9/17","Left_knee","Y",35.4,2,"S2_V1_Left_knee","TAAGATGGTTCTGCCTAAA","5a",0.413551401869159,"002RI2","Left_knee"
"192C","1",10,"M",5,"10/29/18","Elbow","N",19.4,192,"S1_V5_Elbow","GGCTACTCGTAGAGAGAAA","3a",0.226635514018692,"192C","elbow"
"011A","8",12,"M",1,"7/24/17","Forearm","Y",33.2,11,"S8_V1_Forearm","ACTGCATATGCCTCTTCCC","6b",0.38785046728972,"011A","forearm"
"187D","26",11,"F",1,"10/3/18","Active_dermatitis_area","Y",85.6,187,"S26_V1_Active_dermatitis_area","GACCGCCAGCGGTCCTAAA","6a",1,"187D","Active_dermatitis_area"
"026C","1",10,"M",4,"9/11/17","Elbow","N",3.5,26,"S1_V4_Elbow","TGTAATGAAGTTAACAAAA","6a",0.0408878504672897,"026C","elbow"
"010C","7",11,"F",1,"7/18/17","Elbow","N",63.4,10,"S7_V1_Elbow","TCACGGTTATTACAATAAA","6a",0.740654205607477,"010C","elbow"
"031C","3",12,"M",4,"9/14/17","Elbow","Y",27.9,31,"S3_V4_Elbow","GAGAGATTTCCTCTACAAA","3a",0.325934579439252,"031C","elbow"
"037D","5",9,"F",4,"10/16/17","Active_dermatitis_area","Y",0,37,"S5_V4_Active_dermatitis_area","TCCTTACGAGCGTAGCAAA","3a",0,"037D","Active_dermatitis_area"
"002CI2","2",11,"M",1,"6/9/17","Left_elbow","Y",35.4,2,"S2_V1_Left_elbow","TAGATCGCAATCGGACAAA","2a",0.413551401869159,"002CI2","Left_elbow"
"003CD1","3",12,"M",1,"6/9/17","Right_elbow","Y",27.6,3,"S3_V1_Right_elbow","TCACGGTTGCTCAGGAAAA","5a",0.322429906542056,"003CD1","Right_elbow"
"073A","17",12,"F",2,"4/24/18","Forearm","Y",29.3,73,"S17_V2_Forearm","GTAAGGAGAATCGGACAAA","2a",0.342289719626168,"073A","forearm"
"053C","13",12,"M",3,"2/8/18","Elbow","Y",7.9,53,"S13_V3_Elbow","GTAAGGAGAATAACGGAAA","2a",0.0922897196261682,"053C","elbow"
"074R","15",12,"F",4,"4/30/18","Knee","N",3.8,74,"S15_V4_Knee","CTCTCTATGCGGTCCTAAA","2a",0.044392523364486,"074R","knee"
"087C","22",12,"F",2,"6/14/18","Elbow","N",21.8,87,"S22_V2_Elbow","TATCCTCTAGGAGTCCAAA","1a",0.254672897196262,"087C","elbow"
"091R","11",11,"F",5,"6/26/18","Knee","Y",27.1,91,"S11_V5_Knee","CGCGGTTAGTCAGGTAAAA","4a",0.316588785046729,"091R","knee"
"BLANK15",NA,NA,NA,NA,NA,NA,NA,NA,NA,NA,"GGAACTCCGTCAGGTAAAA","4a",NA,"BLANK15","BLANK15"
"107C","17",12,"F",5,"1/25/19","Elbow","Y",23.6,107,"S17_V5_Elbow","GACCGCCAATTACAATCCC","3b",0.275700934579439,"107C","elbow"
"176D","25",10,"M",1,"7/27/18","Active_dermatitis_area","N",48.4,176,"S25_V1_Active_dermatitis_area","CTCTCTATCCTCTCTGAAA","1a",0.565420560747664,"176D","Active_dermatitis_area"
"082D","23",5,"M",1,"6/1/18","Active_dermatitis_area","N",38.4,82,"S23_V1_Active_dermatitis_area","GACCGCCATTACATGTCCC","3b",0.448598130841121,"082D","Active_dermatitis_area"
"089D","5",9,"F",5,"6/18/18","Active_dermatitis_area","Y",0,89,"S5_V5_Active_dermatitis_area","TATAGACGGCTCAGGACCC","4b",0,"089D","Active_dermatitis_area"
"051R","15",12,"F",1,"1/26/18","Knee","N",40.9,51,"S15_V1_Knee","TCACGGTTTCGCCTTAAAA","5a",0.477803738317757,"051R","knee"
"016C","1",10,"M",3,"8/7/17","Elbow","N",8.6,16,"S1_V3_Elbow","TCACGGTTGTCAGGTAAAA","6a",0.100467289719626,"016C","elbow"
"093D","17",12,"F",4,"7/3/18","Active_dermatitis_area","Y",20,93,"S17_V4_Active_dermatitis_area","TGGCCATGTGCCTCTTAAA","3a",0.233644859813084,"093D","Active_dermatitis_area"
"077R","21",14,"M",1,"5/10/18","Knee","N",43.6,77,"S21_V1_Knee","CGCGGTTATTCTGCCTAAA","3a",0.509345794392523,"077R","knee"
"110R","12-control",NA,NA,1,NA,"Knee",NA,NA,110,NA,"TCCTTACGGCTCAGGAAAA","3a",NA,"110R","knee"
"196C","13",12,"M",5,"11/1/18","Elbow","Y",27.6,196,"S13_V5_Elbow","ACTGCATAGTCAGGTAAAA","2a",0.322429906542056,"196C","elbow"
"184A","24",12,"F",4,"9/28/18","Forearm","Y",12,184,"S24_V4_Forearm","TAGATCGCTTACATGTAAA","2a",0.14018691588785,"184A","forearm"
"069A","20",8,"F",1,"4/4/18","Forearm","Y",43.3,69,"S20_V1_Forearm","CACGTCAGAACTCGTGAAA","6a",0.505841121495327,"069A","forearm"
"009C","6",7,"F",1,"7/14/17","Elbow","Y",60.2,9,"S6_V1_Elbow","TCACGGTTGGCCGTGGAAA","6a",0.703271028037383,"009C","elbow"
"091C","11",11,"F",5,"6/26/18","Elbow","Y",27.1,91,"S11_V5_Elbow","AGAGTAGAAGTTAACAAAA","2a",0.316588785046729,"091C","elbow"
"016A","1",10,"M",3,"8/7/17","Forearm","N",8.6,16,"S1_V3_Forearm","TACTAGGTCTAGTACGAAA","5a",0.100467289719626,"016A","forearm"
"114A","15",12,"F",5,"3/4/19","Forearm","N",38.4,114,"S15_V5_Forearm","TGTAATGACGATCGGTCCC","3b",0.448598130841121,"114A","forearm"
"098R","22",12,"F",3,"7/16/18","Knee","N",18.7,98,"S22_V3_Knee","TAAGATGGCCTCTCTGAAA","5a",0.218457943925234,"098R","knee"
"179D","23",5,"M",3,"8/23/18","Active_dermatitis_area","N",26.7,179,"S23_V3_Active_dermatitis_area","TCACGGTTGTAGAGAGAAA","5a",0.311915887850467,"179D","Active_dermatitis_area"
"002RD1","2",11,"M",1,"6/9/17","Right_knee","Y",35.4,2,"S2_V1_Right_knee","GACCGCCAGTCAGGTAAAA","6a",0.413551401869159,"002RD1","Right_knee"
"006R","5",9,"F",1,"6/29/17","Knee","Y",25.8,6,"S5_V1_Knee","GACCGCCAAATCGGACAAA","6a",0.301401869158879,"006R","knee"
"181A","24",12,"F",3,"8/24/18","Forearm","Y",14.3,181,"S24_V3_Forearm","TGTAATGATTACATGTAAA","6a",0.167056074766355,"181A","forearm"
"183A","25",10,"M",3,"9/24/18","Forearm","N",23.6,183,"S25_V3_Forearm","GCATCGTTCATGCCTACCC","4b",0.275700934579439,"183A","forearm"
"071R","14",13,"F",4,"4/20/18","Knee","N",15.8,71,"S14_V4_Knee","ATTGACATTGCCTCTTAAA","5a",0.184579439252336,"071R","knee"
"014D","1-control",NA,NA,NA,NA,"Active_dermatitis_area",NA,NA,14,NA,"GACCGCCAAGTTAACAAAA","6a",NA,"014D","Active_dermatitis_area"
"007D","1",10,"M",2,"7/3/17","Active_dermatitis_area","N",8.8,7,"S1_V2_Active_dermatitis_area","ATTGACATAGTTAACAAAA","6a",0.102803738317757,"007D","Active_dermatitis_area"
"022D","7",11,"F",2,"8/22/17","Active_dermatitis_area","N",44.6,22,"S7_V2_Active_dermatitis_area","CTCTCTATGGCCGTGGAAA","2a",0.521028037383178,"022D","Active_dermatitis_area"
"009D","6",7,"F",1,"7/14/17","Active_dermatitis_area","Y",60.2,9,"S6_V1_Active_dermatitis_area","TATCCTCTCTAGTACGAAA","1a",0.703271028037383,"009D","Active_dermatitis_area"
"025D","4",14,"F",3,"8/28/17","Active_dermatitis_area","N",32.9,25,"S4_V3_Active_dermatitis_area","GTCATTGAGGCCGTGGCCC","5b",0.384345794392523,"025D","Active_dermatitis_area"
"103C","28",14,"F",2,"1/10/19","Elbow","N",24.4,103,"S28_V2_Elbow","GACCGCCACGATCGGTCCC","3b",0.285046728971963,"103C","elbow"
"081D","17",12,"F",3,"5/30/18","Active_dermatitis_area","Y",16.8,81,"S17_V3_Active_dermatitis_area","AGGTTGACAGCGTAGCCCC","4b",0.196261682242991,"081D","Active_dermatitis_area"
"037A","5",9,"F",4,"10/16/17","Forearm","Y",0,37,"S5_V4_Forearm","TGGCCATGGCTCAGGAAAA","3a",0,"037A","forearm"
"043A","8",12,"M",4,"11/17/17","Forearm","Y",15.3,43,"S8_V4_Forearm","AAGGAGTACATGCCTAAAA","1a",0.178738317757009,"043A","forearm"
"189A","27",15,"F",1,"15/10/18","Forearm","N",84,189,"S27_V1_Forearm","GGAACTCCTTCTGCCTAAA","3a",0.981308411214953,"189A","forearm"
"017A","8",12,"M",2,"8/18/17","Forearm","Y",13.6,17,"S8_V2_Forearm","GAGAGATTCAGCCTCGAAA","3a",0.158878504672897,"017A","forearm"
"024R","10",13,"M",2,"9/7/17","Knee","N",30,24,"S10_V2_Knee","TAGATCGCCAGCCTCGAAA","1a",0.350467289719626,"024R","knee"
"187A","26",11,"F",1,"10/3/18","Forearm","Y",85.6,187,"S26_V1_Forearm","TATCCTCTTAGAAGAAAAA","2a",1,"187A","forearm"
"195D","21",14,"M",4,"11/1/18","Active_dermatitis_area","N",39.1,195,"S21_V4_Active_dermatitis_area","CGCGGTTAAGCGTAGCAAA","3a",0.456775700934579,"195D","Active_dermatitis_area"
"062R","14",13,"F",3,"3/20/18","Knee","N",40.1,62,"S14_V3_Knee","TGTAATGACATGCCTAAAA","5a",0.468457943925234,"062R","knee"
"031R","3",12,"M",4,"9/14/17","Knee","Y",27.9,31,"S3_V4_Knee","ACTGCATAGAATGATCAAA","2a",0.325934579439252,"031R","knee"
"078R","20",8,"F",2,"5/11/18","Knee","Y",45.2,78,"S20_V2_Knee","TGAAACTGTGCCTCTTCCC","4b",0.52803738317757,"078R","knee"
"015A","10",13,"M",1,"7/28/17","Forearm","N",26.5,15,"S10_V1_Forearm","CACGTCAGTTACATGTAAA","6a",0.309579439252336,"015A","forearm"
"191D","25",10,"M",4,"10/24/18","Active_dermatitis_area","N",11.4,191,"S25_V4_Active_dermatitis_area","GTAAGGAGTCGCCTTAAAA","1a",0.133177570093458,"191D","Active_dermatitis_area"
"028D","3-control",NA,NA,1,NA,"Active_dermatitis_area",NA,NA,28,NA,"GAGAGATTCTAGTACGCCC","2b",NA,"028D","Active_dermatitis_area"
"017D","8",12,"M",2,"8/18/17","Active_dermatitis_area","Y",13.6,17,"S8_V2_Active_dermatitis_area","TATCCTCTAATAACGGAAA","2a",0.158878504672897,"017D","Active_dermatitis_area"
"051C","15",12,"F",1,"1/26/18","Elbow","N",40.9,51,"S15_V1_Elbow","TACTAGGTGAATGATCCCC","3b",0.477803738317757,"051C","elbow"
"081A","17",12,"F",3,"5/30/18","Forearm","Y",16.8,81,"S17_V3_Forearm","TGAAACTGCAGCCTCGCCC","4b",0.196261682242991,"081A","forearm"
"031A","3",12,"M",4,"9/14/17","Forearm","Y",27.9,31,"S3_V4_Forearm","CTCTCTATAGTTAACAAAA","2a",0.325934579439252,"031A","forearm"
"003RD2","3",12,"M",1,"6/9/17","Right_knee","Y",27.6,3,"S3_V1_Right_knee","TATAGACGTTCTGCCTCCC","4b",0.322429906542056,"003RD2","Right_knee"
"074C","15",12,"F",4,"4/30/18","Elbow","N",3.8,74,"S15_V4_Elbow","GATGACGGTTCTGCCTCCC","4b",0.044392523364486,"074C","elbow"
"075A","19",10,"F",2,"5/2/18","Forearm","Y",4.3,75,"S19_V2_Forearm","ATTGACATTTACATGTAAA","6a",0.0502336448598131,"075A","forearm"
"004RI1","4",14,"F",1,"6/28/17","Left_knee","N",43,4,"S4_V1_Left_knee","CTCTCTATAATAACGGAAA","2a",0.502336448598131,"004RI1","Left_knee"
"080D","18",6,"M",3,"5/28/18","Active_dermatitis_area","Y",17.1,80,"S18_V3_Active_dermatitis_area","GTCATTGAGTAGAGAGCCC","4b",0.199766355140187,"080D","Active_dermatitis_area"
"034A","7",11,"F",3,"9/22/17","Forearm","N",44.3,34,"S7_V3_Forearm","GGCTACTCCAGCCTCGAAA","3a",0.517523364485981,"034A","forearm"
"094A","19",10,"F",4,"6/4/18","Forearm","Y",1,94,"S19_V4_Forearm","TGTAATGAAGCGTAGCAAA","5a",0.0116822429906542,"094A","forearm"
"004AD2","4",14,"F",1,"6/28/17","Right_forearm","N",43,4,"S4_V1_Right_forearm","TCACGGTTAGTTAACAAAA","6a",0.502336448598131,"004AD2","Right_forearm"
"065R","15",12,"F",3,"4/2/18","Knee","N",42.3,65,"S15_V3_Knee","GACCGCCACATGCCTAAAA","5a",0.494158878504673,"065R","knee"
"102A","26",11,"F",4,"07/01/19","Forearm","Y",66.6,102,"S26_V4_Forearm","ACGCGTGGTGCCTCTTCCC","2b",0.77803738317757,"102A","forearm"
"114C","15",12,"F",5,"3/4/19","Elbow","N",38.4,114,"S15_V5_Elbow","CACGTCAGCATGCCTAAAA","5a",0.448598130841121,"114C","elbow"
"055R","14",13,"F",2,"2/23/18","Knee","N",28,55,"S14_V2_Knee","TGTAATGAGCTCAGGAAAA","5a",0.327102803738318,"055R","knee"
"002AD1","2",11,"M",1,"6/9/17","Right_forearm","Y",35.4,2,"S2_V1_Right_forearm","ATTGACATTTCTGCCTAAA","5a",0.413551401869159,"002AD1","Right_forearm"
"176R","25",10,"M",1,"7/27/18","Knee","N",48.4,176,"S25_V1_Knee","GAGAGATTAGCGTAGCAAA","3a",0.565420560747664,"176R","knee"
"003AD2","3",12,"M",1,"6/9/17","Right_forearm","Y",27.6,3,"S3_V1_Right_forearm","TAGATCGCAATAACGGAAA","2a",0.322429906542056,"003AD2","Right_forearm"
"003D","3",12,"M",1,"6/9/17","Active_dermatitis_area","Y",27.6,3,"S3_V1_Active_dermatitis_area","CTCTCTATAGGAGTCCAAA","1a",0.322429906542056,"003D","Active_dermatitis_area"
"012D","4",14,"F",2,"7/27/17","Active_dermatitis_area","N",49.2,12,"S4_V2_Active_dermatitis_area","TCACGGTTGAATGATCAAA","6a",0.574766355140187,"012D","Active_dermatitis_area"
"038D","8",12,"M",3,"10/3/17","Active_dermatitis_area","Y",22.4,38,"S8_V3_Active_dermatitis_area","TCCTTACGTGCCTCTTAAA","3a",0.261682242990654,"038D","Active_dermatitis_area"
"018A","3",12,"M",3,"8/10/17","Forearm","Y",22.9,18,"S3_V3_Forearm","TACTAGGTTCCTCTACAAA","5a",0.267523364485981,"018A","forearm"
"193R","12",11,"M",5,"10/29/18","Knee","N",69.2,193,"S12_V5_Knee","GGAACTCCTGCCTCTTAAA","3a",0.808411214953271,"193R","knee"
"200R","28",14,"F",1,"12/6/18","Knee","N",66,200,"S28_V1_Knee","CTAAGCCTTCCTCTACAAA","1a",0.771028037383178,"200R","knee"
"177R","8-control",NA,NA,1,NA,"Knee",NA,NA,177,NA,"TACTAGGTAGGAGTCCAAA","5a",NA,"177R","knee"
"107D","17",12,"F",5,"1/25/19","Active_dermatitis_area","Y",23.6,107,"S17_V5_Active_dermatitis_area","GTAAGGAGTGCCTCTTAAA","1a",0.275700934579439,"107D","Active_dermatitis_area"
"038R","8",12,"M",3,"10/3/17","Knee","Y",22.4,38,"S8_V3_Knee","CTAAGCCTTTACATGTAAA","2a",0.261682242990654,"038R","knee"
"036R","6",7,"F",4,"10/13/17","Knee","Y",4.1,36,"S6_V4_Knee","GGAACTCCATTACAATAAA","4a",0.0478971962616822,"036R","knee"
"091D","11",11,"F",5,"6/26/18","Active_dermatitis_area","Y",27.1,91,"S11_V5_Active_dermatitis_area","GGCTACTCATTACAATAAA","4a",0.316588785046729,"091D","Active_dermatitis_area"
"010D","7",11,"F",1,"7/18/17","Active_dermatitis_area","N",63.4,10,"S7_V1_Active_dermatitis_area","TAAGATGGAATCGGACAAA","6a",0.740654205607477,"010D","Active_dermatitis_area"
"185A","23",5,"M",4,"9/28/18","Forearm","N",21.9,185,"S23_V4_Forearm","TGGCCATGGTAGAGAGAAA","3a",0.255841121495327,"185A","forearm"
"030A","6",7,"F",3,"9/13/17","Forearm","Y",26.3,30,"S6_V3_Forearm","ACTGCATATAGAAGAAAAA","2a",0.307242990654206,"030A","forearm"
"035R","11",11,"F",3,"10/12/17","Knee","Y",9.3,35,"S11_V3_Knee","TATAGACGTCGCCTTACCC","4b",0.108644859813084,"035R","knee"
"010R","7",11,"F",1,"7/18/17","Knee","N",63.4,10,"S7_V1_Knee","TACTAGGTAGTTAACAAAA","6a",0.740654205607477,"010R","knee"
"200D","28",14,"F",1,"12/6/18","Active_dermatitis_area","N",66,200,"S28_V1_Active_dermatitis_area","AGAGTAGACTAGTACGAAA","1a",0.771028037383178,"200D","Active_dermatitis_area"
"009R","6",7,"F",1,"7/14/17","Knee","Y",60.2,9,"S6_V1_Knee","GAGAGATTCCTCTCTGAAA","3a",0.703271028037383,"009R","knee"
"036A","6",7,"F",4,"10/13/17","Forearm","Y",4.1,36,"S6_V4_Forearm","CGCGGTTACGATCGGTAAA","4a",0.0478971962616822,"036A","forearm"
"100A","23",5,"M",2,"7/26/18","Forearm","N",21.7,100,"S23_V2_Forearm","TAAGATGGCAGCCTCGAAA","5a",0.253504672897196,"100A","forearm"
"103R","28",14,"F",2,"1/10/19","Knee","N",24.4,103,"S28_V2_Knee","CTAAGCCTGGCCGTGGAAA","2a",0.285046728971963,"103R","knee"
"002CD1","2",11,"M",1,"6/9/17","Right_elbow","Y",35.4,2,"S2_V1_Right_elbow","CTCTCTATATTACAATAAA","2a",0.413551401869159,"002CD1","Right_elbow"
"196A","13",12,"M",5,"11/1/18","Forearm","Y",27.6,196,"S13_V5_Forearm","TAGATCGCCGATCGGTAAA","2a",0.322429906542056,"196A","forearm"
"063R","17",12,"F",1,"3/22/18","Knee","Y",44.9,63,"S17_V1_Knee","CTCTCTATGTCAGGTAAAA","2a",0.524532710280374,"063R","knee"
"069C","20",8,"F",1,"4/4/18","Elbow","Y",43.3,69,"S20_V1_Elbow","TATCCTCTGCGGTCCTAAA","2a",0.505841121495327,"069C","elbow"
"078A","20",8,"F",2,"5/11/18","Forearm","Y",45.2,78,"S20_V2_Forearm","GGAACTCCCGATCGGTAAA","4a",0.52803738317757,"078A","forearm"
"066A","19",10,"F",1,"4/2/18","Forearm","Y",38.6,66,"S19_V1_Forearm","TCCTTACGCTAGTACGAAA","3a",0.450934579439252,"066A","forearm"
"066D","19",10,"F",1,"4/2/18","Active_dermatitis_area","Y",38.6,66,"S19_V1_Active_dermatitis_area","TACTAGGTAATCGGACAAA","6a",0.450934579439252,"066D","Active_dermatitis_area"
"007R","1",10,"M",2,"7/3/17","Knee","N",8.8,7,"S1_V2_Knee","TAAGATGGAATAACGGAAA","6a",0.102803738317757,"007R","knee"
"179R","23",5,"M",3,"8/23/18","Knee","N",26.7,179,"S23_V3_Knee","ACTGCATAGCGGTCCTAAA","2a",0.311915887850467,"179R","knee"
"044A","10",13,"M",4,"11/10/17","Forearm","N",40.6,44,"S10_V4_Forearm","AGCCAACTAACTCGTGCCC","3b",0.474299065420561,"044A","forearm"
"003RI1","3",12,"M",1,"6/9/17","Left_knee","Y",27.6,3,"S3_V1_Left_knee","GTCATTGACAGCCTCGCCC","4b",0.322429906542056,"003RI1","Left_knee"
"070A","7-control",NA,NA,1,NA,"Forearm",NA,NA,70,NA,"GGAACTCCAATCGGACAAA","4a",NA,"070A","forearm"
"023D","9",13,"M",2,"8/30/17","Active_dermatitis_area","Y",48.3,23,"S9_V2_Active_dermatitis_area","CACGTCAGTAGAAGAAAAA","6a",0.564252336448598,"023D","Active_dermatitis_area"
"072A","18",6,"M",2,"4/24/18","Forearm","Y",45.6,72,"S18_V2_Forearm","TGTAATGAATTACAATAAA","6a",0.532710280373832,"072A","forearm"
"053D","13",12,"M",3,"2/8/18","Active_dermatitis_area","Y",7.9,53,"S13_V3_Active_dermatitis_area","CTAAGCCTAGCGTAGCAAA","1a",0.0922897196261682,"053D","Active_dermatitis_area"
"194R","26",11,"F",2,"31/10/18","Knee","Y",68.7,194,"S26_V2_Knee","TATAGACGTCCTCTACCCC","4b",0.802570093457944,"194R","knee"
"014R","1-control",NA,NA,NA,NA,"Knee",NA,NA,14,NA,"AGAGTAGATAGAAGAAAAA","2a",NA,"014R","knee"
"040C","10",13,"M",3,"10/4/17","Elbow","N",12,40,"S10_V3_Elbow","TGTAATGATCCTCTACAAA","5a",0.14018691588785,"040C","elbow"
"185D","23",5,"M",4,"9/28/18","Active_dermatitis_area","N",21.9,185,"S23_V4_Active_dermatitis_area","TAAGATGGCATGCCTAAAA","5a",0.255841121495327,"185D","Active_dermatitis_area"
"056R","15",12,"F",2,"2/26/18","Knee","N",25.7,56,"S15_V2_Knee","TAGATCGCAGTTAACAAAA","2a",0.300233644859813,"056R","knee"
"189C","27",15,"F",1,"15/10/18","Elbow","N",84,189,"S27_V1_Elbow","AAGGAGTACGATCGGTAAA","2a",0.981308411214953,"189C","elbow"
"008D","3",12,"M",2,"7/6/17","Active_dermatitis_area","Y",20.7,8,"S3_V2_Active_dermatitis_area","CTCTCTATGTAGAGAGAAA","1a",0.241822429906542,"008D","Active_dermatitis_area"
"001CD2","1",10,"M",1,"6/5/17","Right_elbow","N",29.8,1,"S1_V1_Right_elbow","CTAAGCCTATTACAATAAA","2a",0.348130841121495,"001CD2","Right_elbow"
"019C","11",11,"F",1,"8/11/17","Elbow","Y",45.9,19,"S11_V1_Elbow","AGCCAACTAGTTAACAAAA","6a",0.536214953271028,"019C","elbow"
"114D","15",12,"F",5,"3/4/19","Active_dermatitis_area","N",38.4,114,"S15_V5_Active_dermatitis_area","TGTAATGAGTCAGGTAAAA","6a",0.448598130841121,"114D","Active_dermatitis_area"
"056A","15",12,"F",2,"2/26/18","Forearm","N",25.7,56,"S15_V2_Forearm","TACTAGGTCATGCCTAAAA","5a",0.300233644859813,"056A","forearm"
"181D","24",12,"F",3,"8/24/18","Active_dermatitis_area","Y",14.3,181,"S24_V3_Active_dermatitis_area","GTAAGGAGGCGGTCCTAAA","2a",0.167056074766355,"181D","Active_dermatitis_area"
"059C","12",11,"M",3,"3/1/18","Elbow","N",75.7,59,"S12_V3_Elbow","AAGGAGTAGTCAGGTAAAA","2a",0.884345794392523,"059C","elbow"
"179C","23",5,"M",3,"8/23/18","Elbow","N",26.7,179,"S23_V3_Elbow","GTAAGGAGCGATCGGTAAA","2a",0.311915887850467,"179C","elbow"
"095A","4",14,"F",5,"7/4/18","Forearm","N",42.9,95,"S4_V5_Forearm","CGCGGTTAAGGAGTCCAAA","3a",0.501168224299065,"095A","forearm"
"184D","24",12,"F",4,"9/28/18","Active_dermatitis_area","Y",12,184,"S24_V4_Active_dermatitis_area","CGCGGTTAGTAGAGAGAAA","3a",0.14018691588785,"184D","Active_dermatitis_area"
"182A","2-control",NA,NA,2,NA,"Forearm",NA,NA,182,NA,"TAGATCGCGCTCAGGAAAA","1a",NA,"182A","forearm"
"068D","12",11,"M",4,"4/4/18","Active_dermatitis_area","N",50.4,68,"S12_V4_Active_dermatitis_area","TGGCCATGCAGCCTCGAAA","3a",0.588785046728972,"068D","Active_dermatitis_area"
"015D","10",13,"M",1,"7/28/17","Active_dermatitis_area","N",26.5,15,"S10_V1_Active_dermatitis_area","TCACGGTTAATAACGGAAA","6a",0.309579439252336,"015D","Active_dermatitis_area"
